Order_ID,Order_Date,Region,Product_Category,Product_Name,Units_Sold,Unit_Price,Discount_Percent,Customer_Rating,Sales_Rep,Total_Sales,Shipping_Cost
ORD-10177,2023-01-02,South,Toys,Board Game,24,60.08,25.0,3.8,Carlos,1081.44,14.65
ORD-10108,2023-01-06,East,Clothing,Denim Jeans,7,60.7,20.0,5.0,Emma,339.92,11.49
ORD-10200,2023-01-06,North,Furniture,Study Desk,18,342.1,20.0,2.8,Emma,4926.24,25.43
ORD-10599,2023-01-08,Central,Clothing,Denim Jeans,30,2433.3883568449305,25.0,2.6,Carlos,54751.24,26.27
ORD-10559,2023-01-09,Central,Toys,RC Car,406,76.43,0.0,3.2,Diana,31030.58,206.34
ORD-10124,2023-01-13,South,Clothing,Denim Jeans,38,37.46,15.0,3.6,Frank,1209.96,20.42
ORD-10150,2023-01-14,North,Electronics,Bluetooth Speaker,7,221.62,5.0,3.1,Diana,1473.77,12.01
ORD-10021,2023-01-15,West,Toys,Puzzle Set,29,56.39,,4.0,Diana,1553.54,24.75
ORD-10127,2023-01-19,South,Groceries,Granola Bars,10,17.9,5.0,4.7,Alice,170.05,10.5
ORD-10555,2023-01-19,West,Groceries,Olive Oil,24,24.82,10.0,2.9,Diana,536.11,23.57
ORD-10118,2023-01-22,West,Clothing,Denim Jeans,28,63.73,25.0,3.1,Carlos,1338.33,38.26
ORD-10378,2023-01-23,East,Electronics,Smart Watch,22,178.01,5.0,3.0,Diana,3720.41,15.42
ORD-10227,2023-01-24,Central,Toys,RC Car,4,20.03,0.0,4.0,Alice,80.12,8.34
ORD-10088,2023-01-27,South,Toys,Puzzle Set,19,33.27,10.0,3.9,Carlos,568.92,20.56
ORD-10434,2023-02-02,South,Furniture,Bookshelf,5,253.17,0.0,4.4,Frank,1265.85,8.24
ORD-10350,2023-02-03,North,Groceries,Green Tea Pack,19,5.74,20.0,3.6,Diana,87.25,16.26
ORD-10164,2023-02-03,North,Electronics,Smart Watch,4,171.82,25.0,3.7,Frank,515.46,9.58
ORD-10375,2023-02-03,North,Clothing,Hooded Sweatshirt,17,84.41,20.0,4.9,Diana,1147.98,16.99
ORD-10262,2023-02-05,South,Clothing,Cotton T-Shirt,37,25.61,0.0,3.9,Carlos,947.57,44.08
ORD-10052,2023-02-06,North,Furniture,Study Desk,37,76.6,15.0,4.6,Alice,2409.07,40.34
ORD-10395,2023-02-06,North,Clothing,Running Shorts,14,55.26,15.0,,Carlos,657.59,18.82
ORD-10450,2023-02-06,West,Furniture,Office Chair,15,174.42,5.0,4.9,Carlos,2485.48,11.7
ORD-10270,2023-02-07,East,Groceries,Granola Bars,1,40.87,10.0,3.7,Emma,36.78,6.13
ORD-10575,2023-02-10,West,Electronics,Wireless Earbuds,24,180.4,5.0,3.0,Alice,4113.12,19.49
ORD-10226,2023-02-10,East,Furniture,Study Desk,14,259.77,5.0,3.0,Emma,3454.94,20.55
ORD-10115,2023-02-10,South,Electronics,USB-C Charger,2,49.59,25.0,,Emma,74.39,7.11
ORD-10574,2023-02-11,West,Toys,Board Game,19,118.01,5.0,4.9,Frank,2130.08,26.72
ORD-10305,2023-02-11,Central,Clothing,Cotton T-Shirt,21,69.58,,4.4,Emma,1461.18,29.6
ORD-10321,2023-02-14,Central,Electronics,Wireless Earbuds,3,54.82,15.0,,Emma,139.79,6.35
ORD-10487,2023-02-18,South,Groceries,Olive Oil,32,39.15,5.0,4.0,Alice,1190.16,23.09
ORD-10422,2023-02-18,North,Toys,Puzzle Set,30,37.43,0.0,5.0,Bob,1122.9,23.12
ORD-10035,2023-02-19,Central,Electronics,USB-C Charger,6,65.34,10.0,4.7,Diana,352.84,9.29
ORD-10210,2023-02-19,,Furniture,Office Chair,9,197.07,0.0,4.4,Alice,1773.63,12.24
ORD-10303,2023-02-22,South,Toys,RC Car,2,105.15,15.0,4.0,Bob,178.76,6.06
ORD-10576,2023-02-26,Central,Clothing,Hooded Sweatshirt,12,63.76,25.0,4.3,Diana,573.84,11.17
ORD-10373,2023-02-26,East,Electronics,Wireless Earbuds,33,97.88,0.0,,Carlos,3230.04,43.34
ORD-10467,2023-02-28,Central,Groceries,Green Tea Pack,1,27.3,15.0,4.6,Emma,23.2,6.07
ORD-10250,2023-03-01,East,Furniture,Bookshelf,39,268.32,25.0,3.6,Alice,7848.36,50.97
ORD-10039,2023-03-03,West,Groceries,Granola Bars,6,9.95,,3.5,Frank,50.74,8.98
ORD-10114,2023-03-04,South,Groceries,Olive Oil,22,41.99,20.0,4.6,Bob,739.02,30.07
ORD-10534,2023-03-04,Central,Groceries,Organic Coffee,26,44.47,0.0,,Alice,1156.22,20.31
ORD-10472,2023-03-06,South,Clothing,Denim Jeans,37,86.05,25.0,3.5,Frank,2387.89,48.22
ORD-10503,2023-03-06,West,Clothing,Cotton T-Shirt,33,89.28,5.0,4.5,Alice,2798.93,25.59
ORD-10066,2023-03-06,East,Groceries,Olive Oil,29,35.97,10.0,4.2,Emma,938.82,23.25
ORD-10063,2023-03-07,South,Toys,RC Car,24,18.65,15.0,2.9,Diana,380.46,32.18
ORD-10139,2023-03-07,North,Toys,Board Game,8,11.5,0.0,4.1,Alice,92.0,8.42
ORD-10419,2023-03-09,South,Clothing,Running Shorts,21,44.49,5.0,4.7,Diana,887.58,23.13
ORD-10034,2023-03-11,West,Toys,RC Car,15,112.92,5.0,3.1,Alice,1609.11,20.29
ORD-10392,2023-03-13,West,Furniture,Study Desk,39,55.28,10.0,3.6,Carlos,1940.33,30.94
ORD-10117,2023-03-16,West,Furniture,Office Chair,34,41.62,25.0,4.2,Diana,1061.31,33.77
ORD-10505,2023-03-16,South,Clothing,Hooded Sweatshirt,6,19.36,20.0,4.1,Alice,92.93,11.44
ORD-10592,2023-03-16,Central,Electronics,Smart Watch,11,34.67,15.0,,Alice,324.16,16.55
ORD-10335,2023-03-19,Central,Electronics,USB-C Charger,7,165.99,5.0,4.1,Bob,1103.83,12.61
ORD-10441,2023-03-19,North,Groceries,Organic Coffee,27,30.27,5.0,4.6,Emma,776.43,23.23
ORD-10028,2023-03-21,West,Furniture,Bookshelf,5,277.39,5.0,4.3,Frank,1317.6,7.63
ORD-10275,2023-03-24,West,Groceries,Organic Coffee,35,15.9,15.0,4.9,Alice,473.02,27.19
ORD-10033,2023-03-26,East,Toys,Puzzle Set,13,94.47,10.0,3.4,Diana,1105.3,16.33
ORD-10400,2023-03-28,South,Furniture,Floor Lamp,11,106.95,25.0,3.3,Alice,882.34,16.9
ORD-10045,2023-03-28,South,Clothing,Running Shorts,17,62.15,25.0,3.6,Frank,792.41,20.87
ORD-10105,2023-03-29,Central,Clothing,Denim Jeans,14,49.91,25.0,2.8,Diana,524.06,20.12
ORD-10147,2023-03-30,,Clothing,Denim Jeans,1,11.33,15.0,4.0,Frank,9.63,6.03
ORD-10071,2023-03-31,North,Groceries,Green Tea Pack,23,32.44,15.0,3.6,Alice,634.2,26.81
ORD-10228,2023-03-31,North,Clothing,Running Shorts,38,75.58,20.0,3.8,Alice,2297.63,47.13
ORD-10423,2023-03-31,,Furniture,Office Chair,23,219.28,20.0,3.4,Diana,4034.75,27.54
ORD-10361,2023-04-01,South,Toys,Building Blocks,28,118.58,15.0,2.7,Alice,2822.2,35.87
ORD-10440,2023-04-01,North,Groceries,Organic Coffee,30,8.88,20.0,4.8,Frank,213.12,28.15
ORD-10436,2023-04-01,South,Clothing,Hooded Sweatshirt,24,73.38,,4.4,Carlos,1496.95,16.23
ORD-10569,2023-04-02,East,Toys,Building Blocks,36,19.01,,4.3,Alice,547.49,32.75
ORD-10148,2023-04-03,East,Furniture,Floor Lamp,4,233.03,25.0,4.1,Bob,699.09,6.62
ORD-10245,2023-04-04,East,Furniture,Office Chair,5,326.11,5.0,3.2,Frank,1549.02,9.06
ORD-10382,2023-04-06,South,Furniture,Floor Lamp,36,258.35,,4.3,Carlos,6975.45,28.02
ORD-10391,2023-04-08,North,Groceries,Olive Oil,31,36.97,20.0,4.6,Diana,916.86,21.2
ORD-10086,2023-04-09,Central,Toys,Puzzle Set,4,55.93,5.0,4.0,Carlos,212.53,6.82
ORD-10297,2023-04-09,Central,Groceries,Organic Coffee,17,21.13,5.0,3.1,Frank,341.25,16.25
ORD-10216,2023-04-11,Central,Toys,RC Car,8,52.01,10.0,4.7,Frank,374.47,8.51
ORD-10550,2023-04-14,,Clothing,Denim Jeans,34,58.19,25.0,3.4,Carlos,1483.84,44.42
ORD-10523,2023-04-16,East,Furniture,Study Desk,21,40.36,0.0,2.7,Alice,847.56,14.07
ORD-10369,2023-04-16,North,Clothing,Hooded Sweatshirt,21,37.59,25.0,2.8,Carlos,592.04,21.58
ORD-10143,2023-04-19,South,Toys,RC Car,32,75.28,,3.5,Bob,2288.51,40.9
ORD-10348,2023-04-20,Central,Groceries,Organic Coffee,32,33.99,15.0,4.0,Frank,924.53,40.58
ORD-10276,2023-04-23,South,Toys,Building Blocks,16,67.29,,4.7,Emma,1022.81,21.69
ORD-10346,2023-04-24,East,Electronics,Bluetooth Speaker,9,124.64,10.0,,Carlos,1009.58,10.13
ORD-10530,2023-04-24,Central,Furniture,Office Chair,10,52.41,25.0,4.3,Emma,393.07,16.67
ORD-10068,2023-04-26,Central,Furniture,Office Chair,4,197.65,25.0,3.5,Alice,592.95,9.55
ORD-10085,2023-04-26,North,Toys,Puzzle Set,20,53.25,25.0,2.8,Carlos,798.75,23.37
ORD-10597,2023-04-28,North,Electronics,USB-C Charger,25,166.41,0.0,,Carlos,4160.25,24.49
ORD-10016,2023-04-28,Central,Groceries,Olive Oil,37,32.85,0.0,3.6,Alice,1215.45,47.75
ORD-10353,2023-04-29,East,Clothing,Cotton T-Shirt,7,75.95,15.0,3.0,Frank,451.9,8.52
ORD-10221,2023-04-29,South,Clothing,Denim Jeans,22,64.13,25.0,2.5,Alice,1058.14,27.8
ORD-10135,2023-04-29,North,Toys,Building Blocks,20,62.82,0.0,3.6,Bob,1256.4,26.15
ORD-10588,2023-05-01,North,Clothing,Cotton T-Shirt,18,32.79,25.0,3.4,Emma,442.66,22.35
ORD-10168,2023-05-01,North,Clothing,Denim Jeans,18,78.15,0.0,4.0,Diana,1406.7,24.27
ORD-10489,2023-05-02,Central,Clothing,Denim Jeans,15,80.06,5.0,4.7,Frank,1140.86,13.14
ORD-10490,2023-05-02,Central,Electronics,USB-C Charger,22,113.49,0.0,4.7,Frank,2496.78,14.15
ORD-10277,2023-05-04,West,Groceries,Granola Bars,7,19.31,20.0,,Carlos,108.14,9.64
ORD-10191,2023-05-06,North,Groceries,Granola Bars,11,10.55,5.0,4.2,Bob,110.25,14.39
ORD-10461,2023-05-08,,Clothing,Cotton T-Shirt,15,10.99,20.0,3.8,Diana,131.88,16.9
ORD-10195,2023-05-09,Central,Clothing,Running Shorts,34,35.78,25.0,3.7,Diana,912.39,26.16
ORD-10069,2023-05-09,East,Groceries,Granola Bars,37,36.21,15.0,3.4,Carlos,1138.8,36.28
ORD-10171,2023-05-10,Central,Furniture,Bookshelf,8,188.88,0.0,3.1,Carlos,1511.04,13.0
ORD-10384,2023-05-11,East,Groceries,Olive Oil,14,42.11,0.0,3.2,Bob,589.54,10.88
ORD-10399,2023-05-13,Central,Clothing,Cotton T-Shirt,3,50.98,5.0,4.2,Bob,145.29,8.01
ORD-10151,2023-05-16,East,Groceries,Olive Oil,16,32.1,15.0,3.9,Emma,436.56,21.55
ORD-10130,2023-05-16,North,Clothing,Hooded Sweatshirt,13,62.23,0.0,,Emma,808.99,19.34
ORD-10479,2023-05-16,East,Clothing,Cotton T-Shirt,19,26.74,5.0,3.0,Emma,482.66,14.93
ORD-10249,2023-05-16,North,Furniture,Bookshelf,37,185.8,5.0,4.9,Emma,6530.87,25.26
ORD-10178,2023-05-17,Central,Groceries,Granola Bars,6,34.66,20.0,3.7,Frank,166.37,11.51
ORD-10568,2023-05-20,West,Electronics,Wireless Earbuds,11,54.0,15.0,4.2,Emma,504.9,15.67
ORD-10443,2023-05-20,West,Clothing,Denim Jeans,18,70.49,10.0,2.9,Frank,1141.94,16.21
ORD-10453,2023-05-21,North,Clothing,Running Shorts,37,80.69,15.0,3.9,Diana,2537.7,29.77
ORD-10101,2023-05-21,South,Furniture,Office Chair,20,251.12,20.0,2.7,Carlos,4017.92,16.71
ORD-10232,2023-05-22,Central,Furniture,Office Chair,32,252.16,25.0,3.4,Emma,6051.84,30.09
ORD-10386,2023-05-22,Central,Furniture,Study Desk,17,162.04,10.0,3.3,Bob,2479.21,23.81
ORD-10580,2023-05-23,West,Furniture,Office Chair,10,291.97,15.0,4.1,Emma,2481.75,16.4
ORD-10259,2023-05-23,South,Furniture,Office Chair,4,67.88,15.0,3.6,Emma,230.79,8.03
ORD-10541,2023-05-23,West,Toys,RC Car,28,88.21,15.0,4.0,Frank,2099.4,21.13
ORD-10296,2023-05-23,East,Electronics,Smart Watch,17,218.91,10.0,4.1,Emma,3349.32,20.72
ORD-10224,2023-05-23,South,Clothing,Hooded Sweatshirt,2,17.93,5.0,3.0,Alice,34.07,6.05
ORD-10036,2023-05-24,South,Electronics,Smart Watch,39,243.66,20.0,3.8,Carlos,7602.19,21.63
ORD-10076,2023-05-25,North,Toys,Board Game,12,12.05,15.0,2.5,Alice,122.91,11.13
ORD-10511,2023-05-27,Central,Electronics,Wireless Earbuds,28,33.99,10.0,3.9,Alice,856.55,28.41
ORD-10416,2023-05-27,South,Electronics,Smart Watch,8,184.34,,4.0,Bob,1106.04,14.19
ORD-10444,2023-05-28,West,Electronics,Bluetooth Speaker,14,153.6,10.0,2.6,Carlos,1935.36,20.99
ORD-10515,2023-05-28,Central,Clothing,Running Shorts,27,61.45,,3.2,Diana,1244.36,29.29
ORD-10158,2023-05-30,East,Electronics,Bluetooth Speaker,18,245.33,0.0,3.4,Emma,4415.94,20.15
ORD-10170,2023-06-01,West,Electronics,USB-C Charger,16,226.63,0.0,2.8,Carlos,3626.08,20.36
ORD-10454,2023-06-04,West,Groceries,Granola Bars,27,6.36,10.0,4.2,Emma,154.55,30.1
ORD-10222,2023-06-05,East,Electronics,USB-C Charger,31,63.69,15.0,4.7,Alice,1678.23,23.06
ORD-10458,2023-06-07,,Toys,Building Blocks,16,49.23,15.0,4.1,Bob,669.53,20.11
ORD-10556,2023-06-07,East,Toys,Puzzle Set,9,57.49,15.0,3.1,Alice,439.8,11.27
ORD-10414,2023-06-08,North,Groceries,Granola Bars,30,21.81,15.0,3.0,Frank,556.16,34.03
ORD-10123,2023-06-10,East,Toys,Puzzle Set,6,48.92,,3.0,Alice,293.52,8.95
ORD-10514,2023-06-10,Central,Furniture,Floor Lamp,21,119.9,20.0,3.6,Diana,2014.32,29.12
ORD-10448,2023-06-12,North,Electronics,Bluetooth Speaker,36,158.53,20.0,4.0,Bob,4565.66,21.95
ORD-10560,2023-06-12,,Furniture,Office Chair,10,321.13,,4.4,Diana,2729.6,16.99
ORD-10167,2023-06-12,East,Furniture,Study Desk,4,344.49,20.0,3.9,Diana,1102.37,8.86
ORD-10289,2023-06-13,North,Electronics,Bluetooth Speaker,3,238.59,,4.6,Carlos,572.62,6.73
ORD-10500,2023-06-14,North,Toys,RC Car,21,17.05,25.0,4.7,Carlos,268.54,20.64
ORD-10474,2023-06-19,West,Toys,RC Car,3,107.3,10.0,4.5,Diana,289.71,7.04
ORD-10583,2023-06-20,North,Electronics,Wireless Earbuds,5,46.45,15.0,4.3,Carlos,197.41,8.6
ORD-10044,2023-06-20,South,Clothing,Hooded Sweatshirt,30,79.42,15.0,4.0,Bob,2025.21,33.27
ORD-10165,2023-06-21,South,Electronics,Wireless Earbuds,12,197.08,5.0,4.8,Frank,2246.71,15.22
ORD-10017,2023-06-24,South,Furniture,Bookshelf,25,170.25,25.0,2.8,Alice,3192.19,20.5
ORD-10095,2023-06-25,West,Electronics,Bluetooth Speaker,5,107.11,15.0,5.0,Frank,455.22,7.4
ORD-10140,2023-06-26,North,Clothing,Hooded Sweatshirt,9,77.95,15.0,2.5,Bob,596.32,15.73
ORD-10478,2023-06-26,Central,Groceries,Organic Coffee,23,40.51,10.0,4.1,Emma,838.56,14.63
ORD-10510,2023-06-28,West,Furniture,Study Desk,23,106.17,20.0,2.9,Alice,1953.53,27.5
ORD-10102,2023-06-28,Central,Furniture,Floor Lamp,34,273.69,15.0,4.2,Emma,7909.64,35.46
ORD-10132,2023-06-29,East,Electronics,Wireless Earbuds,39,141.12,10.0,3.3,Alice,4953.31,41.79
ORD-10046,2023-07-01,South,Clothing,Cotton T-Shirt,39,75.33,20.0,2.8,Frank,2350.3,30.52
ORD-10351,2023-07-01,West,Groceries,Olive Oil,31,37.42,5.0,,Emma,1102.02,27.81
ORD-10465,2023-07-06,East,Furniture,Floor Lamp,2,262.36,,4.4,Emma,446.01,7.34
ORD-10581,2023-07-07,East,Furniture,Bookshelf,4,95.55,15.0,4.4,Frank,324.87,8.58
ORD-10396,2023-07-07,West,Toys,Board Game,1,116.37,20.0,4.6,Alice,93.1,6.09
ORD-10107,2023-07-09,North,Electronics,Bluetooth Speaker,37,125.85,10.0,4.0,Bob,4190.8,29.93
ORD-10376,2023-07-09,Central,Toys,RC Car,29,58.2,25.0,,Carlos,1265.85,17.5
ORD-10324,2023-07-10,East,Groceries,Organic Coffee,30,38.68,5.0,3.3,Frank,1102.38,36.31
ORD-10019,2023-07-10,West,Groceries,Granola Bars,18,15.89,0.0,4.8,Alice,286.02,15.69
ORD-10263,2023-07-10,East,Toys,RC Car,25,30.61,15.0,4.0,Emma,650.46,20.13
ORD-10338,2023-07-12,West,Groceries,Olive Oil,30,44.61,25.0,3.8,Carlos,1003.72,24.42
ORD-10056,2023-07-14,North,Furniture,Office Chair,17,190.08,10.0,3.1,Carlos,2908.22,23.94
ORD-10300,2023-07-14,West,Groceries,Green Tea Pack,5,10.4,5.0,4.9,Diana,49.4,9.41
ORD-10209,2023-07-15,North,Toys,RC Car,35,18.76,5.0,3.8,Alice,623.77,29.67
ORD-10365,2023-07-17,North,Electronics,Wireless Earbuds,27,35.66,15.0,2.8,Bob,818.4,16.95
ORD-10278,2023-07-19,South,Furniture,Study Desk,15,238.09,0.0,4.3,Alice,3571.35,20.67
ORD-10120,2023-07-20,East,Electronics,USB-C Charger,34,44.08,5.0,3.4,Carlos,1423.78,20.67
ORD-10519,2023-07-20,Central,Groceries,Green Tea Pack,26,22.27,5.0,,Emma,550.07,25.18
ORD-10421,2023-07-20,North,Furniture,Office Chair,30,218.66,15.0,2.6,Frank,5575.83,40.4
ORD-10548,2023-07-23,Central,Clothing,Hooded Sweatshirt,31,17.32,25.0,3.3,Carlos,402.69,34.16
ORD-10542,2023-07-23,West,Toys,Building Blocks,29,15.43,15.0,,Carlos,380.35,35.26
ORD-10512,2023-07-26,West,Clothing,Hooded Sweatshirt,10,83.87,10.0,3.2,Emma,754.83,11.17
ORD-10128,2023-07-27,North,Electronics,Bluetooth Speaker,10,201.36,20.0,,Frank,1610.88,9.32
ORD-10027,2023-07-28,North,Clothing,Denim Jeans,33,81.69,15.0,3.9,Alice,2291.4,39.89
ORD-10488,2023-07-28,West,Groceries,Olive Oil,15,31.86,5.0,3.1,Carlos,454.0,14.75
ORD-10327,2023-07-28,West,Clothing,Denim Jeans,24,59.88,25.0,,Alice,1077.84,15.18
ORD-10181,2023-07-29,,Clothing,Running Shorts,1,89.47,,2.7,Bob,85.0,6.05
ORD-10306,2023-07-30,East,Groceries,Organic Coffee,39,25.11,5.0,3.8,Diana,930.33,40.0
ORD-10426,2023-07-30,North,Toys,RC Car,1,104.61,0.0,4.6,Alice,104.61,5.57
ORD-10255,2023-07-31,South,Toys,Board Game,8,40.04,5.0,2.7,Frank,304.3,10.16
ORD-10593,2023-08-06,North,Groceries,Organic Coffee,19,18.55,0.0,3.0,Bob,352.45,25.99
ORD-10427,2023-08-08,North,Electronics,USB-C Charger,3,217.07,20.0,3.9,Bob,520.97,6.65
ORD-10493,2023-08-08,South,Furniture,Floor Lamp,6,349.8,,3.8,Bob,1574.1,10.42
ORD-10573,2023-08-08,South,Clothing,Running Shorts,5,24.89,10.0,2.7,Bob,112.01,10.4
ORD-10040,2023-08-08,North,Toys,Puzzle Set,20,115.03,15.0,3.2,Frank,1955.51,20.93
ORD-10134,2023-08-09,East,Toys,Puzzle Set,9,8.19,10.0,2.8,Carlos,66.34,10.96
ORD-10340,2023-08-10,Central,Furniture,Study Desk,10,394.62,25.0,4.8,Diana,2959.65,11.54
ORD-10246,2023-08-11,West,Groceries,Granola Bars,3,25.82,0.0,3.7,Carlos,77.46,7.91
ORD-10367,2023-08-12,South,Groceries,Green Tea Pack,26,9.35,10.0,,Alice,218.79,18.96
ORD-10544,2023-08-15,Central,Electronics,Bluetooth Speaker,34,131.4,15.0,4.1,Alice,3797.46,37.81
ORD-10475,2023-08-16,West,Clothing,Cotton T-Shirt,11,49.54,5.0,4.7,Bob,517.69,15.54
ORD-10092,2023-08-18,East,Furniture,Floor Lamp,15,81.71,10.0,2.7,Frank,1103.08,17.19
ORD-10144,2023-08-21,Central,Groceries,Organic Coffee,34,18.86,0.0,2.5,Emma,641.24,19.16
ORD-10557,2023-08-22,South,Toys,Building Blocks,18,53.89,15.0,,Bob,824.52,15.13
ORD-10015,2023-08-23,North,Toys,Puzzle Set,1,18.09,20.0,3.7,Emma,14.47,5.58
ORD-10266,2023-08-23,North,Groceries,Olive Oil,549,22.39,20.0,3.1,Emma,9833.69,560.91
ORD-10029,2023-08-23,North,Groceries,Olive Oil,36,14.21,5.0,3.9,Alice,485.98,22.38
ORD-10563,2023-08-23,South,Electronics,Bluetooth Speaker,11,63.24,25.0,3.0,Frank,521.73,17.79
ORD-10596,2023-08-25,Central,Electronics,Wireless Earbuds,25,32.56,15.0,3.2,Alice,691.9,25.23
ORD-10055,2023-08-25,East,Clothing,Running Shorts,34,47.02,,4.1,Carlos,1278.94,30.6
ORD-10126,2023-08-26,,Clothing,Running Shorts,12,69.39,15.0,4.0,Diana,707.78,12.33
ORD-10190,2023-08-27,Central,Toys,Building Blocks,480,104.39,20.0,3.1,Frank,40085.76,472.78
ORD-10234,2023-08-29,South,Groceries,Green Tea Pack,38,23.47,15.0,4.1,Carlos,758.08,23.68
ORD-10320,2023-08-31,Central,Toys,Building Blocks,12,18.08,5.0,2.8,Carlos,206.11,15.45
ORD-10097,2023-09-01,North,Groceries,Olive Oil,9,26.0,10.0,2.9,Alice,210.6,9.56
ORD-10173,2023-09-01,South,Furniture,Study Desk,7,378.41,0.0,4.4,Frank,2648.87,11.98
ORD-10401,2023-09-01,West,Clothing,Denim Jeans,18,22.5,20.0,5.0,Alice,324.0,24.19
ORD-10215,2023-09-04,North,Electronics,Wireless Earbuds,7,210.2,0.0,,Carlos,1471.4,10.51
ORD-10509,2023-09-04,Central,Groceries,Organic Coffee,20,7.45,10.0,,Diana,134.1,13.5
ORD-10312,2023-09-04,South,Furniture,Bookshelf,12,338.65,15.0,2.6,Carlos,3454.23,18.3
ORD-10211,2023-09-05,West,Electronics,Bluetooth Speaker,33,62.8,0.0,4.7,Alice,2072.4,29.61
ORD-10481,2023-09-06,West,Toys,Board Game,32,82.43,,5.0,Frank,2505.87,34.52
ORD-10587,2023-09-11,,Groceries,Organic Coffee,18,9.48,0.0,,Diana,170.64,23.87
ORD-10439,2023-09-12,North,Clothing,Denim Jeans,10,52.21,0.0,4.8,Alice,522.1,15.01
ORD-10506,2023-09-14,South,Furniture,Office Chair,30,287.27,20.0,3.8,Diana,6894.48,35.44
ORD-10175,2023-09-20,North,Electronics,Wireless Earbuds,38,133.46,25.0,2.9,Frank,3803.61,35.35
ORD-10153,2023-09-20,East,Groceries,Green Tea Pack,16,2046.0540667480798,20.0,3.5,Frank,26189.49,15.26
ORD-10380,2023-09-22,,Groceries,Granola Bars,3,13.55,15.0,4.8,Carlos,34.55,8.0
ORD-10199,2023-09-23,East,Clothing,Denim Jeans,9,75.28,5.0,2.9,Frank,643.64,15.59
ORD-10161,2023-09-23,South,Furniture,Floor Lamp,6,98.63,5.0,3.3,Emma,562.19,9.48
ORD-10283,2023-09-24,East,Toys,RC Car,26,105.12,15.0,4.0,Frank,2323.15,33.76
ORD-10251,2023-09-24,North,Clothing,Cotton T-Shirt,21,89.48,10.0,2.6,Frank,1691.17,27.04
ORD-10214,2023-09-26,East,Furniture,Office Chair,25,310.54,5.0,2.8,Emma,7375.33,31.75
ORD-10207,2023-09-27,West,Electronics,USB-C Charger,14,202.18,20.0,4.6,Emma,2264.42,20.32
ORD-10235,2023-09-28,South,Clothing,Running Shorts,14,40.29,15.0,2.9,Alice,479.45,20.14
ORD-10006,2023-09-28,North,Toys,Puzzle Set,32,22.55,5.0,3.7,Bob,685.52,18.12
ORD-10030,2023-09-29,South,Clothing,Running Shorts,18,35.37,20.0,,Diana,509.33,19.44
ORD-10516,2023-09-29,West,Clothing,Cotton T-Shirt,8,44.64,20.0,3.6,Emma,285.7,11.25
ORD-10379,2023-09-30,South,Groceries,Olive Oil,14,18.95,5.0,3.7,Emma,252.04,16.68
ORD-10359,2023-10-03,South,Electronics,Bluetooth Speaker,19,237.08,15.0,3.0,Emma,3828.84,17.86
ORD-10518,2023-10-03,West,Groceries,Green Tea Pack,11,37.6,10.0,3.3,Diana,372.24,13.04
ORD-10551,2023-10-04,North,Groceries,Green Tea Pack,10,14.2,0.0,4.3,Frank,142.0,11.59
ORD-10156,2023-10-05,East,Groceries,Olive Oil,4,34.25,20.0,4.5,Frank,109.6,8.01
ORD-10528,2023-10-05,West,Clothing,Hooded Sweatshirt,12,14.61,,4.8,Carlos,131.49,16.07
ORD-10469,2023-10-06,North,Toys,Puzzle Set,33,16.59,20.0,2.5,Bob,437.98,24.17
ORD-10408,2023-10-10,North,Groceries,Organic Coffee,28,30.08,5.0,3.5,Bob,800.13,35.26
ORD-10437,2023-10-12,Central,Toys,Building Blocks,10,70.26,20.0,3.3,Bob,562.08,13.09
ORD-10496,2023-10-15,East,Electronics,USB-C Charger,36,92.22,0.0,3.9,Alice,3319.92,35.75
ORD-10050,2023-10-15,Central,Toys,Puzzle Set,39,106.0,15.0,,Diana,3513.9,30.42
ORD-10187,2023-10-16,East,Groceries,Granola Bars,22,33.79,15.0,4.8,Diana,631.87,23.84
ORD-10484,2023-10-16,East,Toys,Building Blocks,8,98.25,10.0,4.7,Diana,707.4,10.86
ORD-10525,2023-10-18,North,Toys,RC Car,5,24.41,25.0,4.0,Frank,91.54,8.13
ORD-10549,2023-10-19,South,Furniture,Study Desk,29,210.73,0.0,3.3,Diana,6111.17,24.57
ORD-10106,2023-10-19,,Electronics,USB-C Charger,25,64.94,15.0,3.3,Bob,1379.98,32.22
ORD-10299,2023-10-22,East,Electronics,Wireless Earbuds,12,204.11,5.0,4.5,Frank,2326.85,18.35
ORD-10053,2023-10-23,Central,Electronics,Bluetooth Speaker,4,214.8,20.0,4.9,Frank,687.36,8.67
ORD-10160,2023-10-27,North,Furniture,Bookshelf,23,208.35,25.0,3.0,Carlos,3594.04,24.37
ORD-10483,2023-10-27,East,Furniture,Bookshelf,5,121.28,5.0,3.5,Frank,576.08,10.11
ORD-10336,2023-10-29,South,Furniture,Floor Lamp,6,366.09,5.0,3.8,Alice,2086.71,8.83
ORD-10520,2023-10-30,,Toys,RC Car,9,19.68,5.0,3.5,Frank,168.26,10.69
ORD-10323,2023-10-31,East,Groceries,Olive Oil,14,23.71,,4.5,Bob,331.94,13.03
ORD-10404,2023-11-01,South,Groceries,Organic Coffee,22,15.13,25.0,4.3,Diana,249.64,30.25
ORD-10208,2023-11-01,South,Toys,Puzzle Set,10,97.76,20.0,3.7,Bob,782.08,9.88
ORD-10042,2023-11-03,North,Groceries,Granola Bars,7,42.32,15.0,,Carlos,251.8,10.94
ORD-10188,2023-11-03,North,Furniture,Bookshelf,16,186.94,10.0,,Bob,2691.94,11.41
ORD-10482,2023-11-04,South,Electronics,USB-C Charger,16,126.9,20.0,4.8,Bob,1624.32,19.71
ORD-10202,2023-11-06,East,Electronics,Bluetooth Speaker,35,245.68,25.0,2.7,Frank,6449.1,36.06
ORD-10279,2023-11-06,East,Electronics,Wireless Earbuds,31,193.3,0.0,3.6,Emma,5992.3,19.55
ORD-10121,2023-11-07,Central,Groceries,Olive Oil,39,16.85,20.0,2.8,Carlos,525.72,38.13
ORD-10428,2023-11-08,South,Groceries,Granola Bars,35,25.03,10.0,5.0,Carlos,788.44,42.98
ORD-10394,2023-11-08,West,Toys,Puzzle Set,29,54.79,15.0,3.1,Carlos,1350.57,26.79
ORD-10431,2023-11-09,South,Clothing,Hooded Sweatshirt,12,30.07,25.0,2.9,Carlos,270.63,16.68
ORD-10343,2023-11-11,North,Electronics,Bluetooth Speaker,34,125.41,0.0,4.4,Bob,4263.94,29.94
ORD-10334,2023-11-12,South,Groceries,Granola Bars,22,6.29,20.0,3.9,Frank,110.7,18.15
ORD-10598,2023-11-13,East,Electronics,Smart Watch,25,155.28,20.0,3.7,Bob,3105.6,32.31
ORD-10459,2023-11-14,North,Toys,Board Game,36,109.08,25.0,4.1,Emma,2945.16,42.95
ORD-10032,2023-11-15,Central,Furniture,Floor Lamp,6,309.5,25.0,4.7,Bob,1392.75,11.22
ORD-10462,2023-11-16,East,Electronics,Smart Watch,33,143.7,5.0,3.4,Alice,4504.99,36.8
ORD-10433,2023-11-16,North,Furniture,Bookshelf,1,57.01,,5.0,Emma,54.16,6.1
ORD-10565,2023-11-17,North,Groceries,Organic Coffee,37,17.07,20.0,4.3,Bob,505.27,32.19
ORD-10282,2023-11-17,West,Electronics,Smart Watch,34,2436.906540022678,10.0,4.4,Alice,74569.34,42.25
ORD-10233,2023-11-18,East,Clothing,Running Shorts,25,84.14,20.0,,Frank,1682.8,34.95
ORD-10366,2023-11-19,West,Furniture,Study Desk,22,140.67,15.0,2.6,Emma,2630.53,26.79
ORD-10229,2023-11-20,,Toys,Building Blocks,16,44.28,10.0,3.9,Frank,637.63,14.28
ORD-10317,2023-11-20,West,Toys,Building Blocks,25,91.33,25.0,3.7,Diana,1712.44,34.3
ORD-10157,2023-11-21,North,Clothing,Running Shorts,36,79.25,,2.7,Emma,2139.75,32.28
ORD-10463,2023-11-21,North,Toys,RC Car,13,40.92,15.0,3.7,Diana,452.17,11.01
ORD-10372,2023-11-22,Central,Furniture,Bookshelf,21,161.06,0.0,5.0,Bob,3382.26,19.25
ORD-10470,2023-11-22,Central,Groceries,Green Tea Pack,8,23.04,0.0,3.5,Frank,184.32,11.56
ORD-10413,2023-11-23,West,Groceries,Olive Oil,33,39.76,0.0,3.9,Alice,1312.08,24.77
ORD-10558,2023-11-24,South,Electronics,Wireless Earbuds,21,208.55,25.0,,Alice,3284.66,15.27
ORD-10318,2023-11-25,North,Electronics,Bluetooth Speaker,13,224.81,5.0,4.5,Alice,2776.4,16.43
ORD-10507,2023-11-28,South,Toys,RC Car,33,16.42,10.0,5.0,Emma,487.67,34.77
ORD-10402,2023-11-29,South,Groceries,Granola Bars,11,41.89,10.0,2.7,Frank,414.71,15.83
ORD-10198,2023-11-30,West,Groceries,Organic Coffee,24,16.57,15.0,3.1,Carlos,338.03,33.57
ORD-10020,2023-11-30,West,Electronics,Wireless Earbuds,29,155.32,5.0,2.9,Carlos,4279.07,25.11
ORD-10368,2023-11-30,South,Furniture,Study Desk,30,176.02,20.0,3.8,Bob,4224.48,27.22
ORD-10079,2023-11-30,South,Electronics,Wireless Earbuds,5,138.52,15.0,,Emma,588.71,7.11
ORD-10182,2023-12-01,West,Furniture,Office Chair,17,267.62,0.0,3.5,Alice,4549.54,21.55
ORD-10522,2023-12-01,North,Toys,Building Blocks,17,21.27,5.0,3.0,Alice,343.51,21.12
ORD-10274,2023-12-03,East,Clothing,Cotton T-Shirt,24,20.49,20.0,,Carlos,393.41,29.56
ORD-10138,2023-12-03,Central,Clothing,Hooded Sweatshirt,8,13.79,,2.8,Alice,110.32,8.21
ORD-10248,2023-12-04,Central,Clothing,Hooded Sweatshirt,37,21.17,5.0,3.0,Carlos,744.13,46.57
ORD-10025,2023-12-08,West,Clothing,Cotton T-Shirt,4,48.93,20.0,4.8,Carlos,156.58,8.27
ORD-10540,2023-12-09,North,Furniture,Bookshelf,10,375.01,0.0,3.8,Carlos,3750.1,13.83
ORD-10100,2023-12-10,Central,Clothing,Cotton T-Shirt,12,82.57,5.0,2.6,Diana,941.3,12.68
ORD-10486,2023-12-11,South,Clothing,Hooded Sweatshirt,9,47.77,15.0,4.5,Emma,365.44,8.71
ORD-10184,2023-12-12,West,Electronics,USB-C Charger,21,64.88,10.0,,Frank,1226.23,19.99
ORD-10499,2023-12-13,West,Furniture,Office Chair,9,107.2,20.0,2.6,Carlos,771.84,9.04
ORD-10047,2023-12-14,East,Electronics,Smart Watch,6,210.55,5.0,2.9,Bob,1200.14,9.06
ORD-10352,2023-12-14,,Toys,RC Car,28,12.77,5.0,3.1,Diana,339.68,20.93
ORD-10374,2023-12-14,North,Furniture,Office Chair,9,380.35,0.0,3.2,Emma,3423.15,13.03
ORD-10163,2023-12-16,South,Furniture,Floor Lamp,8,227.92,0.0,3.1,Carlos,1823.36,14.02
ORD-10577,2023-12-16,West,Toys,Puzzle Set,2,105.1,20.0,2.5,Carlos,168.16,6.86
ORD-10389,2023-12-17,Central,Toys,Building Blocks,17,93.89,20.0,3.3,Emma,1276.9,21.11
ORD-10104,2023-12-19,East,Furniture,Floor Lamp,27,221.72,25.0,,Bob,4489.83,17.04
ORD-10244,2023-12-19,,Clothing,Hooded Sweatshirt,25,58.58,25.0,3.6,Frank,1098.38,27.45
ORD-10059,2023-12-24,West,Toys,Building Blocks,32,67.66,20.0,3.2,Diana,1732.1,21.98
ORD-10337,2023-12-26,Central,Groceries,Green Tea Pack,39,13.96,20.0,3.1,Bob,435.55,27.16
ORD-10051,2023-12-27,North,Electronics,USB-C Charger,10,81.11,15.0,3.5,Diana,689.44,11.64
ORD-10240,2023-12-29,South,Furniture,Study Desk,18,323.19,0.0,,Frank,5817.42,16.41
ORD-10242,2023-12-30,South,Electronics,Bluetooth Speaker,10,241.81,25.0,4.6,Frank,1813.57,12.99
ORD-10455,2023-12-30,Central,Toys,RC Car,11,13.97,15.0,4.8,Frank,130.62,14.95
ORD-10041,2023-12-31,North,Toys,RC Car,22,79.01,,2.9,Alice,1303.66,20.07
ORD-10099,2024-01-03,East,Electronics,USB-C Charger,16,43.01,,3.6,Emma,516.12,12.1
ORD-10388,2024-01-04,West,Electronics,Bluetooth Speaker,37,199.14,5.0,4.4,Emma,6999.77,36.79
ORD-10057,2024-01-05,South,Furniture,Bookshelf,13,176.61,,3.2,Emma,2181.13,10.58
ORD-10578,2024-01-06,West,Electronics,USB-C Charger,30,135.59,5.0,2.9,Alice,3864.32,29.38
ORD-10038,2024-01-06,Central,Furniture,Bookshelf,30,111.92,15.0,,Alice,2853.96,17.93
ORD-10358,2024-01-08,East,Groceries,Green Tea Pack,37,34.32,25.0,3.4,Frank,952.38,28.57
ORD-10363,2024-01-09,South,Furniture,Office Chair,33,227.23,5.0,3.6,Frank,7123.66,33.29
ORD-10591,2024-01-10,East,Toys,Puzzle Set,11,62.77,20.0,4.5,Alice,552.38,15.28
ORD-10333,2024-01-11,East,Toys,RC Car,8,32.29,0.0,2.5,Alice,258.32,10.69
ORD-10332,2024-01-12,West,Clothing,Denim Jeans,21,49.48,25.0,3.7,Frank,779.31,19.28
ORD-10466,2024-01-13,West,Furniture,Bookshelf,13,54.85,10.0,2.7,Carlos,641.75,11.08
ORD-10174,2024-01-14,South,Furniture,Study Desk,18,233.16,,3.6,Carlos,3567.35,15.2
ORD-10065,2024-01-14,East,Groceries,Organic Coffee,24,42.25,25.0,2.8,Alice,760.5,32.92
ORD-10268,2024-01-15,North,Clothing,Hooded Sweatshirt,37,89.59,,3.7,Diana,2983.35,31.69
ORD-10225,2024-01-17,North,Clothing,Cotton T-Shirt,6,78.82,,3.4,Bob,449.27,8.86
ORD-10473,2024-01-17,East,Groceries,Olive Oil,30,6.26,0.0,4.0,Alice,187.8,20.07
ORD-10081,2024-01-17,Central,Groceries,Olive Oil,24,7.18,0.0,,Diana,172.32,32.4
ORD-10410,2024-01-17,North,Furniture,Floor Lamp,36,61.14,20.0,3.6,Frank,1760.83,43.01
ORD-10119,2024-01-19,South,Toys,Board Game,34,41.48,,3.5,Diana,1128.26,25.34
ORD-10237,2024-01-20,Central,Furniture,Floor Lamp,37,255.06,0.0,2.6,Emma,9437.22,36.17
ORD-10219,2024-01-23,North,Electronics,USB-C Charger,24,134.39,,3.5,Bob,2741.56,17.76
ORD-10186,2024-01-24,West,Clothing,Hooded Sweatshirt,7,85.8,5.0,3.4,Emma,570.57,10.12
ORD-10316,2024-01-24,East,Clothing,Running Shorts,32,28.46,5.0,2.6,Carlos,865.18,20.52
ORD-10456,2024-01-25,West,Electronics,Bluetooth Speaker,35,119.45,10.0,2.8,Bob,3762.68,45.32
ORD-10141,2024-01-25,West,Toys,Puzzle Set,7,94.57,25.0,3.1,Frank,496.49,12.18
ORD-10315,2024-01-29,South,Groceries,Olive Oil,34,34.84,20.0,3.0,Frank,947.65,23.76
ORD-10411,2024-01-29,Central,Groceries,Granola Bars,18,8.71,10.0,2.8,Diana,141.1,23.71
ORD-10468,2024-02-03,North,Furniture,Bookshelf,11,349.23,20.0,2.8,Alice,3073.22,17.61
ORD-10330,2024-02-03,North,Clothing,Running Shorts,38,49.94,10.0,4.0,Emma,1707.95,21.77
ORD-10005,2024-02-04,North,Electronics,Bluetooth Speaker,27,192.57,10.0,,Frank,4679.45,22.52
ORD-10090,2024-02-06,North,Furniture,Study Desk,21,169.84,15.0,3.8,Emma,3031.64,28.15
ORD-10524,2024-02-06,South,Furniture,Study Desk,19,119.86,15.0,2.6,Carlos,1935.74,24.68
ORD-10497,2024-02-08,South,Furniture,Bookshelf,18,105.35,0.0,4.3,Diana,1896.3,14.18
ORD-10344,2024-02-09,North,Toys,Building Blocks,39,27.82,5.0,4.1,Frank,1030.73,48.04
ORD-10531,2024-02-10,North,Toys,Board Game,7,83.5,15.0,4.0,Alice,496.82,10.65
ORD-10176,2024-02-10,Central,Furniture,Office Chair,7,50.82,5.0,2.8,Alice,337.95,11.09
ORD-10590,2024-02-11,South,Toys,Puzzle Set,11,106.5,20.0,,Alice,937.2,12.69
ORD-10425,2024-02-11,East,Furniture,Bookshelf,3,101.31,20.0,4.3,Alice,243.14,7.26
ORD-10091,2024-02-13,Central,Groceries,Organic Coffee,36,25.15,20.0,4.5,Diana,724.32,42.8
ORD-10012,2024-02-13,West,Electronics,Smart Watch,24,123.26,0.0,3.0,Bob,2958.24,22.4
ORD-10435,2024-02-15,North,Furniture,Study Desk,24,396.85,25.0,3.0,Bob,7143.3,18.45
ORD-10527,2024-02-16,East,Groceries,Organic Coffee,15,42.25,5.0,,Alice,602.06,18.71
ORD-10064,2024-02-17,North,Electronics,Bluetooth Speaker,19,142.59,10.0,4.4,Frank,2438.29,19.51
ORD-10007,2024-02-17,West,Furniture,Floor Lamp,18,339.76,15.0,3.3,Emma,5198.33,18.45
ORD-10026,2024-02-22,East,Electronics,Smart Watch,32,99.6,5.0,3.8,Frank,3027.84,26.51
ORD-10294,2024-02-22,South,Clothing,Running Shorts,35,26.64,0.0,,Emma,932.4,24.57
ORD-10429,2024-02-23,Central,Electronics,USB-C Charger,3,132.47,0.0,4.2,Frank,397.41,7.43
ORD-10498,2024-02-25,Central,Electronics,Wireless Earbuds,12,64.37,25.0,4.4,Frank,579.33,15.22
ORD-10122,2024-02-25,North,Electronics,USB-C Charger,34,158.92,20.0,,Carlos,4322.62,27.54
ORD-10247,2024-02-28,North,Groceries,Olive Oil,27,20.07,20.0,2.6,Diana,433.51,26.68
ORD-10285,2024-02-29,East,Electronics,Smart Watch,20,116.66,10.0,,Diana,2099.88,20.01
ORD-10024,2024-02-29,East,Toys,Puzzle Set,24,10.55,15.0,4.9,Carlos,215.22,20.21
ORD-10185,2024-03-02,North,Toys,Board Game,18,107.96,20.0,5.0,Emma,1554.62,24.5
ORD-10403,2024-03-03,Central,Electronics,Bluetooth Speaker,37,95.81,5.0,3.6,Carlos,3367.72,43.53
ORD-10213,2024-03-05,South,Groceries,Green Tea Pack,30,25.17,15.0,3.7,Emma,641.84,20.68
ORD-10203,2024-03-06,West,Electronics,Wireless Earbuds,11,224.09,5.0,2.8,Diana,2341.74,10.92
ORD-10089,2024-03-07,West,Clothing,Hooded Sweatshirt,26,62.19,15.0,4.5,Bob,1374.4,34.27
ORD-10405,2024-03-08,North,Electronics,Wireless Earbuds,26,101.28,15.0,,Diana,2238.29,25.28
ORD-10083,2024-03-08,East,Toys,RC Car,31,79.28,25.0,2.9,Diana,1843.26,20.13
ORD-10146,2024-03-10,South,Electronics,Wireless Earbuds,31,180.95,0.0,2.9,Emma,5609.45,28.59
ORD-10571,2024-03-11,North,Furniture,Study Desk,39,62.92,5.0,4.1,Emma,2331.19,21.83
ORD-10311,2024-03-15,South,Groceries,Olive Oil,39,40.34,,4.4,Bob,1258.61,38.09
ORD-10387,2024-03-17,,Electronics,Wireless Earbuds,8,195.25,15.0,4.8,Frank,1327.7,9.76
ORD-10201,2024-03-18,North,Groceries,Organic Coffee,16,44.94,5.0,2.9,Bob,683.09,21.07
ORD-10417,2024-03-19,South,Furniture,Bookshelf,2,302.25,15.0,2.5,Alice,513.82,7.25
ORD-10288,2024-03-19,West,Toys,Board Game,17,70.38,10.0,3.2,Bob,1076.81,18.62
ORD-10293,2024-03-20,West,Groceries,Olive Oil,15,38.41,25.0,2.5,Bob,432.11,13.96
ORD-10513,2024-03-21,North,Groceries,Granola Bars,38,44.23,25.0,3.7,Emma,1260.55,30.17
ORD-10526,2024-03-22,East,Groceries,Granola Bars,29,43.98,0.0,3.0,Frank,1275.42,32.44
ORD-10529,2024-03-23,West,Clothing,Running Shorts,6,52.67,0.0,3.6,Emma,316.02,10.32
ORD-10103,2024-03-24,North,Groceries,Olive Oil,15,26.58,25.0,4.6,Carlos,299.02,20.44
ORD-10552,2024-03-27,Central,Groceries,Organic Coffee,12,30.42,5.0,3.4,Bob,346.79,15.21
ORD-10265,2024-03-29,Central,Clothing,Running Shorts,15,71.66,0.0,3.0,Diana,1074.9,11.88
ORD-10460,2024-03-29,West,Clothing,Hooded Sweatshirt,21,11.32,20.0,4.9,Frank,190.18,26.71
ORD-10031,2024-03-30,East,Furniture,Floor Lamp,10,376.98,5.0,,Alice,3581.31,14.38
ORD-10180,2024-03-31,North,Groceries,Granola Bars,25,13.48,20.0,4.8,Diana,269.6,17.58
ORD-10257,2024-04-02,North,Toys,Board Game,32,69.12,10.0,4.7,Diana,1990.66,21.4
ORD-10347,2024-04-03,Central,Toys,Building Blocks,1,28.0,15.0,3.9,Frank,23.8,6.13
ORD-10196,2024-04-07,Central,Clothing,Denim Jeans,32,83.01,5.0,4.8,Bob,2523.5,42.35
ORD-10043,2024-04-08,West,Clothing,Running Shorts,1,18.73,5.0,,Emma,17.79,5.78
ORD-10061,2024-04-10,North,Groceries,Olive Oil,29,8.38,15.0,2.8,Frank,206.57,26.44
ORD-10471,2024-04-10,Central,Groceries,Granola Bars,26,9.98,20.0,4.8,Bob,207.58,34.7
ORD-10342,2024-04-10,East,Clothing,Denim Jeans,27,36.68,20.0,3.3,Diana,792.29,19.22
ORD-10302,2024-04-12,East,Groceries,Granola Bars,7,41.7,5.0,4.6,Bob,277.3,9.85
ORD-10554,2024-04-14,West,Furniture,Floor Lamp,31,359.16,5.0,2.7,Emma,10577.26,32.78
ORD-10464,2024-04-15,West,Electronics,USB-C Charger,13,180.87,5.0,2.6,Bob,2233.74,18.08
ORD-10325,2024-04-17,Central,Groceries,Granola Bars,4,35.6,5.0,3.0,Bob,135.28,8.31
ORD-10183,2024-04-18,South,Toys,Puzzle Set,29,59.64,5.0,4.0,Diana,1643.08,34.19
ORD-10022,2024-04-20,West,Electronics,Wireless Earbuds,30,34.36,10.0,3.7,Bob,927.72,29.59
ORD-10011,2024-04-23,East,Groceries,Granola Bars,23,35.6,15.0,3.9,Diana,695.98,29.78
ORD-10566,2024-04-24,North,Clothing,Denim Jeans,19,22.76,15.0,4.2,Emma,367.57,23.51
ORD-10589,2024-04-25,Central,Furniture,Floor Lamp,22,370.9,20.0,2.8,Bob,6527.84,23.13
ORD-10145,2024-04-26,West,Electronics,USB-C Charger,28,191.18,20.0,4.7,Bob,4282.43,33.94
ORD-10023,2024-04-27,North,Furniture,Bookshelf,5,251.55,20.0,4.8,Bob,1006.2,10.53
ORD-10014,2024-04-28,North,Clothing,Hooded Sweatshirt,20,63.15,20.0,3.5,Carlos,1010.4,21.1
ORD-10357,2024-04-29,West,Electronics,Bluetooth Speaker,3,189.2,5.0,3.7,Frank,539.22,7.67
ORD-10287,2024-05-03,Central,Toys,Building Blocks,35,43.21,0.0,3.2,Carlos,1512.35,22.64
ORD-10495,2024-05-03,East,Furniture,Study Desk,7,306.69,25.0,2.8,Emma,1610.12,12.27
ORD-10553,2024-05-06,West,Toys,Puzzle Set,18,91.95,5.0,3.7,Frank,1572.34,15.91
ORD-10362,2024-05-07,Central,Groceries,Green Tea Pack,13,24.01,0.0,4.4,Alice,312.13,13.55
ORD-10491,2024-05-07,East,Groceries,Organic Coffee,16,37.49,,3.7,Emma,509.86,13.42
ORD-10328,2024-05-08,East,Groceries,Olive Oil,24,22.87,0.0,3.5,Carlos,548.88,30.26
ORD-10308,2024-05-10,South,Furniture,Bookshelf,32,326.28,5.0,4.9,Alice,9918.91,29.34
ORD-10075,2024-05-12,Central,Electronics,USB-C Charger,2,79.19,10.0,4.4,Alice,142.54,6.23
ORD-10154,2024-05-13,East,Electronics,Wireless Earbuds,15,65.15,25.0,3.0,Frank,732.94,14.72
ORD-10290,2024-05-13,West,Electronics,Wireless Earbuds,29,207.7,5.0,3.2,Frank,5722.13,38.3
ORD-10383,2024-05-15,Central,Groceries,Green Tea Pack,14,11.51,0.0,3.8,Diana,161.14,11.13
ORD-10532,2024-05-15,East,Furniture,Bookshelf,19,291.02,,4.0,Diana,4976.44,23.73
ORD-10430,2024-05-15,West,Toys,Puzzle Set,33,49.06,10.0,3.8,Bob,1457.08,20.58
ORD-10194,2024-05-16,East,Clothing,Cotton T-Shirt,22,80.01,10.0,4.0,Carlos,1584.2,25.79
ORD-10345,2024-05-17,North,Furniture,Office Chair,3,249.42,,4.6,Alice,598.61,6.34
ORD-10326,2024-05-18,,Clothing,Running Shorts,5,55.51,5.0,3.2,Carlos,263.67,8.11
ORD-10595,2024-05-19,West,Groceries,Olive Oil,28,37.79,5.0,,Carlos,1005.21,34.57
ORD-10409,2024-05-21,East,Furniture,Floor Lamp,31,176.39,5.0,4.9,Diana,5194.69,28.1
ORD-10586,2024-05-23,North,Furniture,Office Chair,31,283.78,20.0,3.0,Bob,7037.74,20.96
ORD-10457,2024-05-28,South,Electronics,Smart Watch,33,57.81,0.0,3.9,Bob,1907.73,43.58
ORD-10252,2024-05-30,East,Furniture,Study Desk,21,56.24,25.0,4.8,Emma,885.78,27.86
ORD-10415,2024-05-30,West,Furniture,Study Desk,8,73.69,10.0,4.4,Frank,530.57,13.04
ORD-10273,2024-05-30,South,Toys,RC Car,17,98.96,10.0,4.3,Diana,1514.09,18.39
ORD-10049,2024-06-02,North,Electronics,Wireless Earbuds,7,37.01,10.0,,Diana,233.16,11.14
ORD-10172,2024-06-03,North,Toys,Board Game,23,46.0,25.0,3.8,Emma,793.5,26.65
ORD-10355,2024-06-06,Central,Groceries,Organic Coffee,36,43.83,5.0,2.7,Diana,1498.99,35.98
ORD-10480,2024-06-07,Central,Groceries,Granola Bars,39,39.52,15.0,3.2,Emma,1310.09,38.14
ORD-10281,2024-06-09,,Furniture,Floor Lamp,30,152.98,5.0,,Bob,4359.93,40.94
ORD-10442,2024-06-09,Central,Toys,RC Car,19,86.09,5.0,4.9,Alice,1553.92,16.58
ORD-10149,2024-06-11,North,Furniture,Study Desk,24,146.11,10.0,,Diana,3155.98,20.13
ORD-10339,2024-06-11,Central,Groceries,Green Tea Pack,37,13.15,10.0,,Diana,437.9,25.81
ORD-10236,2024-06-12,Central,Clothing,Denim Jeans,34,55.01,5.0,4.4,Diana,1776.82,42.09
ORD-10449,2024-06-15,East,Furniture,Floor Lamp,34,300.4,10.0,3.4,Diana,9192.24,25.36
ORD-10206,2024-06-16,North,Groceries,Granola Bars,13,23.45,5.0,3.6,Bob,289.61,15.62
ORD-10418,2024-06-17,Central,Toys,Board Game,13,60.82,20.0,3.7,Frank,632.53,16.16
ORD-10298,2024-06-17,North,Toys,Board Game,38,60.44,0.0,3.0,Bob,2296.72,38.9
ORD-10060,2024-06-21,North,Electronics,Wireless Earbuds,24,218.66,20.0,2.8,Frank,4198.27,24.34
ORD-10572,2024-06-21,North,Electronics,Bluetooth Speaker,6,66.35,25.0,2.5,Alice,298.58,12.14
ORD-10218,2024-06-21,North,Furniture,Bookshelf,30,338.28,15.0,,Carlos,8626.14,28.36
ORD-10001,2024-06-21,West,Toys,RC Car,31,22.35,25.0,3.4,Carlos,519.64,18.99
ORD-10067,2024-06-23,Central,Furniture,Floor Lamp,30,137.39,20.0,3.3,Carlos,3297.36,37.79
ORD-10073,2024-06-23,West,Toys,RC Car,5,119.67,0.0,3.2,Frank,598.35,10.78
ORD-10169,2024-06-24,South,Groceries,Granola Bars,15,21.19,,4.4,Emma,317.85,17.76
ORD-10485,2024-06-24,,Electronics,Smart Watch,19,163.21,15.0,3.5,Carlos,2635.84,16.76
ORD-10381,2024-06-25,,Furniture,Bookshelf,20,84.62,25.0,4.4,Bob,1269.3,19.78
ORD-10094,2024-06-26,Central,Electronics,Wireless Earbuds,18,217.72,20.0,3.4,Emma,3135.17,19.49
ORD-10193,2024-06-28,South,Groceries,Green Tea Pack,25,17.82,20.0,3.5,Frank,356.4,31.2
ORD-10546,2024-06-29,North,Furniture,Office Chair,16,252.39,20.0,2.8,Bob,3230.59,17.42
ORD-10112,2024-07-02,West,Toys,Puzzle Set,1,12.59,0.0,4.4,Frank,12.59,5.47
ORD-10412,2024-07-03,North,Groceries,Olive Oil,4,39.77,20.0,4.1,Frank,127.26,9.68
ORD-10517,2024-07-08,South,Furniture,Study Desk,23,123.72,15.0,4.4,Alice,2418.73,25.62
ORD-10152,2024-07-08,West,Furniture,Floor Lamp,6,225.25,10.0,2.5,Alice,1216.35,10.37
ORD-10220,2024-07-08,North,Furniture,Floor Lamp,14,178.73,15.0,3.2,Alice,2126.89,18.5
ORD-10547,2024-07-08,West,Electronics,Smart Watch,12,225.09,10.0,4.2,Emma,2430.97,10.07
ORD-10304,2024-07-09,West,Clothing,Cotton T-Shirt,5,85.08,20.0,4.3,Frank,340.32,8.28
ORD-10570,2024-07-10,East,Clothing,Running Shorts,22,72.15,0.0,3.4,Alice,1587.3,30.95
ORD-10594,2024-07-12,South,Toys,Board Game,13,115.48,0.0,4.0,Bob,1501.24,15.89
ORD-10295,2024-07-15,North,Toys,Building Blocks,16,91.67,,3.0,Carlos,1466.72,14.29
ORD-10291,2024-07-16,North,Toys,Puzzle Set,27,99.22,10.0,3.2,Bob,2411.05,15.89
ORD-10371,2024-07-16,West,Furniture,Bookshelf,25,374.5,,2.6,Frank,7021.88,16.89
ORD-10452,2024-07-18,Central,Toys,Board Game,23,76.17,0.0,4.9,Bob,1751.91,23.63
ORD-10096,2024-07-18,East,Clothing,Denim Jeans,31,66.43,20.0,3.5,Frank,1647.46,33.74
ORD-10000,2024-07-19,West,Electronics,Smart Watch,17,181.91,25.0,2.7,Diana,2319.35,15.77
ORD-10116,2024-07-19,North,Groceries,Granola Bars,29,37.03,20.0,2.6,Frank,859.1,29.65
ORD-10322,2024-07-20,North,Electronics,Bluetooth Speaker,16,168.66,25.0,3.8,Frank,2023.92,21.92
ORD-10136,2024-07-24,East,Clothing,Running Shorts,21,35.8,5.0,3.1,Frank,714.21,25.02
ORD-10010,2024-07-24,East,Furniture,Study Desk,20,90.33,15.0,2.8,Carlos,1535.61,22.67
ORD-10110,2024-07-25,,Groceries,Granola Bars,3,34.3,0.0,3.6,Diana,102.9,6.57
ORD-10370,2024-07-26,Central,Electronics,USB-C Charger,13,160.31,0.0,4.4,Frank,2084.03,12.12
ORD-10584,2024-07-31,Central,Toys,RC Car,27,91.76,0.0,3.4,Diana,2477.52,18.68
ORD-10446,2024-07-31,West,Furniture,Bookshelf,37,258.23,15.0,2.8,Alice,8121.33,49.05
ORD-10537,2024-08-04,East,Toys,Building Blocks,14,25.59,15.0,3.1,Alice,304.52,13.71
ORD-10205,2024-08-05,West,Groceries,Organic Coffee,39,44.98,,2.7,Diana,1754.22,44.48
ORD-10271,2024-08-08,Central,Electronics,Bluetooth Speaker,26,200.9,25.0,4.1,Carlos,3917.55,32.05
ORD-10078,2024-08-08,Central,Groceries,Granola Bars,5,32.92,20.0,4.6,Carlos,131.68,10.9
ORD-10054,2024-08-09,East,Furniture,Floor Lamp,25,320.44,15.0,2.8,Emma,6809.35,17.7
ORD-10230,2024-08-12,Central,Toys,Building Blocks,32,63.85,25.0,3.7,Bob,1532.4,26.25
ORD-10309,2024-08-18,Central,Groceries,Organic Coffee,39,19.08,10.0,3.7,Diana,669.71,46.67
ORD-10585,2024-08-20,South,Electronics,Wireless Earbuds,13,86.71,15.0,4.4,Emma,958.15,12.2
ORD-10261,2024-08-21,South,Toys,Puzzle Set,21,112.85,25.0,3.1,Frank,1777.39,19.9
ORD-10280,2024-08-22,South,Clothing,Cotton T-Shirt,14,24.11,10.0,3.7,Carlos,303.79,11.1
ORD-10077,2024-08-22,West,Electronics,USB-C Charger,32,78.67,5.0,2.6,Frank,2391.57,35.69
ORD-10093,2024-08-23,North,Toys,Building Blocks,11,45.42,10.0,3.3,Bob,449.66,11.62
ORD-10476,2024-08-24,Central,Clothing,Running Shorts,14,86.77,25.0,3.1,Diana,911.08,13.08
ORD-10212,2024-08-24,East,Furniture,Bookshelf,18,73.39,20.0,3.5,Diana,1056.82,13.76
ORD-10072,2024-08-26,East,Groceries,Green Tea Pack,38,22.69,10.0,3.3,Diana,776.0,36.89
ORD-10189,2024-08-27,North,Electronics,Smart Watch,27,172.49,20.0,2.5,Diana,3725.78,29.73
ORD-10424,2024-08-27,South,Furniture,Office Chair,29,288.31,10.0,4.7,Emma,7524.89,35.06
ORD-10179,2024-08-28,Central,Electronics,Bluetooth Speaker,14,36.27,25.0,4.5,Carlos,380.84,17.43
ORD-10223,2024-08-29,East,Clothing,Running Shorts,37,14.76,10.0,4.0,Bob,491.51,37.33
ORD-10009,2024-08-31,North,Electronics,USB-C Charger,1,202.06,20.0,4.3,Diana,161.65,6.04
ORD-10008,2024-08-31,East,Groceries,Granola Bars,33,16.53,10.0,4.2,Diana,490.94,36.88
ORD-10204,2024-08-31,East,Groceries,Organic Coffee,7,27.09,10.0,3.8,Bob,170.67,10.84
ORD-10286,2024-09-03,Central,Groceries,Organic Coffee,28,36.72,5.0,4.6,Emma,976.75,22.63
ORD-10098,2024-09-03,Central,Clothing,Running Shorts,38,77.13,15.0,5.0,Diana,2491.3,35.74
ORD-10074,2024-09-03,,Groceries,Organic Coffee,26,31.63,25.0,4.1,Diana,616.78,24.54
ORD-10521,2024-09-08,East,Electronics,Bluetooth Speaker,517,234.41,5.0,4.1,Alice,115130.47,393.72
ORD-10447,2024-09-09,East,Furniture,Floor Lamp,35,284.46,5.0,4.0,Alice,9458.29,28.15
ORD-10508,2024-09-10,North,Toys,RC Car,21,47.57,15.0,4.2,Emma,849.12,22.44
ORD-10356,2024-09-13,North,Electronics,Bluetooth Speaker,37,118.88,15.0,,Diana,3738.78,30.45
ORD-10445,2024-09-13,East,Clothing,Running Shorts,23,62.59,15.0,4.1,Emma,1223.63,17.24
ORD-10133,2024-09-14,North,Electronics,Bluetooth Speaker,15,38.62,25.0,3.0,Emma,434.48,20.08
ORD-10080,2024-09-14,East,Electronics,Wireless Earbuds,32,2116.6389313959507,,,Alice,54185.96,36.76
ORD-10545,2024-09-16,Central,Furniture,Floor Lamp,4,338.52,15.0,3.1,Diana,1150.97,6.86
ORD-10272,2024-09-17,West,Electronics,Bluetooth Speaker,12,174.07,10.0,4.2,Frank,1879.96,13.55
ORD-10307,2024-09-18,South,Clothing,Running Shorts,31,83.05,20.0,4.3,Bob,2059.64,24.28
ORD-10360,2024-09-20,West,Toys,Puzzle Set,8,35.07,,4.0,Carlos,210.42,13.26
ORD-10377,2024-09-22,South,Toys,Puzzle Set,21,117.37,5.0,,Bob,2341.53,23.48
ORD-10137,2024-09-23,West,Clothing,Denim Jeans,9,36.46,5.0,,Frank,311.73,12.63
ORD-10264,2024-09-23,West,Groceries,Granola Bars,5,8.62,10.0,3.1,Carlos,38.79,9.98
ORD-10314,2024-09-24,West,Toys,Building Blocks,33,113.86,10.0,2.6,Carlos,3381.64,35.17
ORD-10256,2024-09-25,North,Groceries,Olive Oil,22,44.04,20.0,,Carlos,775.1,27.21
ORD-10407,2024-09-27,,Furniture,Study Desk,12,61.83,10.0,3.1,Carlos,667.76,14.74
ORD-10349,2024-09-28,East,Toys,RC Car,12,61.45,20.0,3.1,Carlos,589.92,16.32
ORD-10432,2024-09-29,South,Toys,RC Car,23,85.71,0.0,4.6,Alice,1971.33,18.8
ORD-10113,2024-10-01,Central,Clothing,Running Shorts,19,88.23,5.0,4.5,Carlos,1592.55,25.95
ORD-10109,2024-10-04,East,Groceries,Granola Bars,30,41.13,15.0,4.9,Emma,1048.82,26.66
ORD-10082,2024-10-08,East,Furniture,Bookshelf,17,73.02,5.0,3.0,Carlos,1179.27,12.82
ORD-10504,2024-10-10,North,Furniture,Office Chair,9,167.7,20.0,4.1,Diana,1207.44,13.54
ORD-10003,2024-10-11,North,Clothing,Running Shorts,33,60.53,0.0,3.4,Emma,1997.49,20.89
ORD-10284,2024-10-12,Central,Clothing,Running Shorts,20,46.87,20.0,,Emma,749.92,28.22
ORD-10492,2024-10-14,South,Clothing,Cotton T-Shirt,14,61.42,5.0,4.9,Alice,816.89,18.06
ORD-10477,2024-10-20,East,Toys,Building Blocks,17,70.76,10.0,3.2,Carlos,1082.63,16.22
ORD-10267,2024-10-21,North,Groceries,Olive Oil,37,12.52,20.0,3.7,Alice,370.59,43.24
ORD-10501,2024-10-24,Central,Groceries,Olive Oil,28,31.97,15.0,4.1,Diana,760.89,24.94
ORD-10192,2024-10-27,West,Toys,Building Blocks,38,86.56,15.0,4.9,Diana,2795.89,35.3
ORD-10253,2024-10-28,,Toys,Puzzle Set,3,101.49,25.0,3.8,Alice,228.35,7.36
ORD-10533,2024-10-29,,Furniture,Bookshelf,35,280.06,20.0,3.3,Carlos,7841.68,38.75
ORD-10538,2024-10-30,North,Groceries,Granola Bars,26,9.03,25.0,4.0,Alice,176.08,23.03
ORD-10254,2024-10-31,Central,Electronics,Bluetooth Speaker,28,125.13,10.0,2.7,Bob,3153.28,34.95
ORD-10562,2024-10-31,North,Electronics,USB-C Charger,16,129.74,25.0,2.6,Bob,1556.88,11.42
ORD-10313,2024-11-01,West,Furniture,Study Desk,22,218.42,10.0,3.4,Alice,4324.72,25.63
ORD-10502,2024-11-02,West,Groceries,Organic Coffee,23,7.9,5.0,4.9,Diana,172.62,22.07
ORD-10142,2024-11-02,East,Furniture,Study Desk,38,394.47,15.0,3.4,Emma,12741.38,48.7
ORD-10048,2024-11-04,East,Toys,Building Blocks,7,25.2,5.0,2.8,Diana,167.58,11.08
ORD-10269,2024-11-04,East,Clothing,Running Shorts,3,57.44,5.0,4.1,Bob,163.7,7.93
ORD-10582,2024-11-05,Central,Furniture,Floor Lamp,29,374.17,15.0,3.5,Alice,9223.29,23.82
ORD-10397,2024-11-08,East,Electronics,Bluetooth Speaker,7,209.1,5.0,3.2,Diana,1390.52,12.05
ORD-10002,2024-11-08,West,Electronics,Bluetooth Speaker,16,124.77,20.0,3.1,Alice,1597.06,20.84
ORD-10539,2024-11-08,East,Furniture,Study Desk,13,142.05,0.0,,Diana,1846.65,14.27
ORD-10301,2024-11-10,,Clothing,Denim Jeans,34,41.94,,2.9,Alice,1354.66,37.49
ORD-10398,2024-11-10,Central,Electronics,Wireless Earbuds,14,187.23,15.0,2.6,Carlos,2228.04,21.71
ORD-10331,2024-11-10,East,Toys,Board Game,21,75.42,25.0,2.7,Emma,1187.86,26.1
ORD-10354,2024-11-10,East,Groceries,Organic Coffee,12,43.08,25.0,2.5,Frank,387.72,13.45
ORD-10390,2024-11-10,East,Electronics,Wireless Earbuds,37,198.27,25.0,2.7,Bob,5501.99,21.6
ORD-10561,2024-11-10,South,Furniture,Study Desk,18,236.85,20.0,4.7,Frank,3410.64,18.14
ORD-10260,2024-11-11,Central,Electronics,Bluetooth Speaker,4,60.44,0.0,3.0,Bob,241.76,7.63
ORD-10159,2024-11-11,Central,Groceries,Olive Oil,16,17.77,10.0,4.0,Diana,255.89,16.64
ORD-10243,2024-11-11,East,Electronics,USB-C Charger,35,109.25,,4.5,Alice,3823.75,44.92
ORD-10438,2024-11-12,East,Clothing,Hooded Sweatshirt,36,43.35,25.0,3.8,Frank,1170.45,32.38
ORD-10037,2024-11-14,,Electronics,Wireless Earbuds,9,54.66,,,Emma,491.94,9.44
ORD-10131,2024-11-14,East,Clothing,Cotton T-Shirt,2,86.78,20.0,2.6,Alice,138.85,6.34
ORD-10239,2024-11-14,West,Electronics,USB-C Charger,22,30.97,10.0,4.6,Emma,613.21,22.94
ORD-10197,2024-11-15,Central,Toys,Building Blocks,30,93.64,,3.7,Emma,2668.74,33.97
ORD-10385,2024-11-21,North,Electronics,USB-C Charger,10,86.63,20.0,3.2,Alice,693.04,12.44
ORD-10084,2024-11-22,East,Furniture,Study Desk,17,291.92,15.0,4.1,Carlos,4218.24,21.21
ORD-10238,2024-11-22,,Groceries,Green Tea Pack,5,28.16,25.0,2.5,Diana,105.6,8.38
ORD-10058,2024-11-24,West,Groceries,Granola Bars,34,18.13,10.0,3.8,Frank,554.78,41.86
ORD-10406,2024-11-25,Central,Groceries,Olive Oil,16,10.46,25.0,3.3,Frank,125.52,19.57
ORD-10129,2024-11-25,Central,Clothing,Hooded Sweatshirt,27,75.17,20.0,4.5,Frank,1623.67,23.67
ORD-10364,2024-11-27,South,Toys,RC Car,8,107.13,0.0,3.7,Bob,857.04,9.98
ORD-10217,2024-11-29,Central,Toys,Puzzle Set,8,32.73,,3.2,Diana,235.66,8.31
ORD-10162,2024-11-29,West,Electronics,Wireless Earbuds,8,194.54,0.0,4.7,Carlos,1556.32,13.49
ORD-10231,2024-11-30,South,Toys,Board Game,16,73.49,10.0,3.3,Alice,1058.26,17.43
ORD-10062,2024-12-01,North,Toys,Board Game,16,95.65,15.0,4.5,Frank,1300.84,11.53
ORD-10536,2024-12-01,West,Electronics,USB-C Charger,37,199.75,0.0,2.9,Carlos,7390.75,32.35
ORD-10564,2024-12-02,West,Electronics,USB-C Charger,12,177.1,15.0,3.3,Emma,1806.42,9.99
ORD-10111,2024-12-03,West,Clothing,Denim Jeans,38,88.77,0.0,,Bob,3373.26,36.27
ORD-10341,2024-12-03,South,Groceries,Organic Coffee,13,26.89,0.0,3.8,Diana,349.57,11.06
ORD-10018,2024-12-04,South,Furniture,Floor Lamp,20,135.71,20.0,4.9,Bob,2171.36,13.42
ORD-10125,2024-12-04,,Toys,RC Car,22,39.87,10.0,3.1,Frank,789.43,24.29
ORD-10543,2024-12-05,East,Electronics,USB-C Charger,7,162.34,15.0,4.6,Emma,965.92,10.25
ORD-10292,2024-12-06,East,Furniture,Study Desk,1,195.71,10.0,3.1,Emma,176.14,5.51
ORD-10004,2024-12-10,East,Electronics,USB-C Charger,27,68.79,20.0,3.7,Carlos,1485.86,17.65
ORD-10393,2024-12-10,South,Furniture,Floor Lamp,17,356.59,5.0,4.7,Bob,5758.93,20.91
ORD-10258,2024-12-11,East,Furniture,Bookshelf,30,204.31,10.0,3.5,Bob,5516.37,24.37
ORD-10319,2024-12-11,East,Furniture,Office Chair,6,390.04,5.0,4.8,Frank,2223.23,9.4
ORD-10087,2024-12-11,East,Groceries,Organic Coffee,16,13.71,25.0,,Diana,164.52,22.08
ORD-10155,2024-12-19,Central,Toys,Building Blocks,9,60.62,,4.7,Emma,409.18,15.56
ORD-10166,2024-12-20,West,Electronics,USB-C Charger,14,41.16,25.0,2.8,Frank,432.18,15.55
ORD-10451,2024-12-21,South,Clothing,Running Shorts,5,37.06,0.0,3.5,Emma,185.3,10.16
ORD-10070,2024-12-22,North,Groceries,Olive Oil,34,9.74,25.0,,Frank,248.37,24.11
ORD-10310,2024-12-22,South,Electronics,Wireless Earbuds,24,222.0,,3.2,Diana,4795.2,27.43
ORD-10241,2024-12-23,South,Toys,Board Game,23,38.28,20.0,4.4,Alice,704.35,28.9
ORD-10535,2024-12-24,North,Toys,RC Car,12,54.85,0.0,4.5,Bob,658.2,12.52
ORD-10494,2024-12-25,East,Clothing,Cotton T-Shirt,17,50.98,15.0,4.5,Bob,736.66,24.53
ORD-10579,2024-12-25,North,Electronics,USB-C Charger,29,219.42,0.0,3.2,Alice,6363.18,28.74
ORD-10013,2024-12-26,Central,Clothing,Cotton T-Shirt,10,14.66,25.0,3.2,Bob,109.95,15.79
ORD-10420,2024-12-28,Central,Groceries,Organic Coffee,16,12.23,10.0,3.4,Alice,176.11,13.54
ORD-10329,2024-12-29,South,Electronics,Smart Watch,18,192.15,20.0,4.6,Bob,2766.96,14.74
ORD-10567,2024-12-30,South,Furniture,Bookshelf,7,159.66,20.0,3.6,Bob,894.1,12.92
